<?xml version="1.0" encoding="UTF-8"?>
<GenRun Id="synth_1" LaunchPart="xc7a15tcpg236-3" LaunchTime="1548267932">
  <File Type="PA-TCL" Name="pipe_18.tcl"/>
  <File Type="RDS-PROPCONSTRS" Name="pipe_18_drc_synth.rpt"/>
  <File Type="REPORTS-TCL" Name="pipe_18_reports.tcl"/>
  <File Type="RDS-RDS" Name="pipe_18.vds"/>
  <File Type="RDS-UTIL" Name="pipe_18_utilization_synth.rpt"/>
  <File Type="RDS-UTIL-PB" Name="pipe_18_utilization_synth.pb"/>
  <File Type="RDS-DCP" Name="pipe_18.dcp"/>
  <File Type="VDS-TIMINGSUMMARY" Name="pipe_18_timing_summary_synth.rpt"/>
  <File Type="VDS-TIMING-PB" Name="pipe_18_timing_summary_synth.pb"/>
  <FileSet Name="sources" Type="DesignSrcs" RelSrcDir="$PSRCDIR/sources_1">
    <Filter Type="Srcs"/>
    <File Path="$PPRDIR/../../pipe_18.vhd">
      <FileInfo>
        <Attr Name="UsedIn" Val="synthesis"/>
        <Attr Name="UsedIn" Val="simulation"/>
      </FileInfo>
    </File>
    <Config>
      <Option Name="DesignMode" Val="RTL"/>
      <Option Name="TopModule" Val="pipe_18"/>
      <Option Name="TopAutoSet" Val="TRUE"/>
    </Config>
  </FileSet>
  <FileSet Name="constrs_in" Type="Constrs" RelSrcDir="$PSRCDIR/constrs_1">
    <Filter Type="Constrs"/>
    <Config>
      <Option Name="ConstrsType" Val="XDC"/>
    </Config>
  </FileSet>
  <Strategy Version="1" Minor="2">
    <StratHandle Name="Vivado Synthesis Defaults" Flow="Vivado Synthesis 2018">
      <Desc>Vivado Synthesis Defaults</Desc>
    </StratHandle>
    <Step Id="synth_design"/>
  </Strategy>
</GenRun>
